{
  "columns": [
    {
      "SourceHeader": "Customer Number",
      "Target": {
        "Table": "stgMain",
        "Column": "entity_cust_id"
      },
      "Confidence": 0.95,
      "Transform": "to_string"
    },
    {
      "SourceHeader": "Customer Name",
      "Target": {
        "Table": "stgMain",
        "Column": "cust_nm"
      },
      "Confidence": 0.95,
      "Transform": ""
    },

    {
      "SourceHeader": "Address Line 1",
      "Target": null,
      "Confidence": 0.2,
      "Transform": ""
    },
    {
      "SourceHeader": "City",
      "Target": null,
      "Confidence": 0.2,
      "Transform": ""
    },
    {
      "SourceHeader": "State Code",
      "Target": null,
      "Confidence": 0.2,
      "Transform": ""
    },
    {
      "SourceHeader": "Postal Code",
      "Target": null,
      "Confidence": 0.2,
      "Transform": ""
    },

    {
      "SourceHeader": "Date",
      "Target": {
        "Table": "stgMain",
        "Column": "invoice_dt"
      },
      "Confidence": 0.95,
      "Transform": "parse_date"
    },
    {
      "SourceHeader": "Order Number",
      "Target": {
        "Table": "stgMain",
        "Column": "invoice_nbr"
      },
      "Confidence": 0.7,
      "Transform": ""
    },

    {
      "SourceHeader": "Business Unit",
      "Target": {
        "Table": "stgMain",
        "Column": "loctn_grp_1"
      },
      "Confidence": 0.7,
      "Transform": ""
    },
    {
      "SourceHeader": "Major Planning Group",
      "Target": {
        "Table": "stgMain",
        "Column": "product_grp_1"
      },
      "Confidence": 0.7,
      "Transform": ""
    },
    {
      "SourceHeader": "Inter Planning Group",
      "Target": {
        "Table": "stgMain",
        "Column": "product_grp_2"
      },
      "Confidence": 0.7,
      "Transform": ""
    },

    {
      "SourceHeader": "Item Number External",
      "Target": {
        "Table": "stgMain",
        "Column": "entity_product_id"
      },
      "Confidence": 0.95,
      "Transform": "to_string"
    },
    {
      "SourceHeader": "Type Of transaction",
      "Target": null,
      "Confidence": 0.2,
      "Transform": ""
    },

    {
      "SourceHeader": "Summarized Version Transaction Amount",
      "Target": {
        "Table": "stgMain",
        "Column": "sales_amt"
      },
      "Confidence": 0.85,
      "Transform": "to_float"
    },
    {
      "SourceHeader": "Summarized Version Transaction Qty",
      "Target": {
        "Table": "stgMain",
        "Column": "bill_qty"
      },
      "Confidence": 0.85,
      "Transform": "to_int"
    }
  ]
}
