{
  "columns": [
    {
      "SourceHeader": "UOM",
      "Target": null,
      "Confidence": 0.2,
      "Transform": ""
    },
    {
      "SourceHeader": "UNSPSC Group (Product Hierarchy 1)",
      "Target": {
        "Table": "stgMain",
        "Column": "product_grp_1"
      },
      "Confidence": 0.9,
      "Transform": ""
    },
    {
      "SourceHeader": "Unit Price",
      "Target": {
        "Table": "stgMain",
        "Column": "unit_sls_prc"
      },
      "Confidence": 0.95,
      "Transform": "to_float"
    },
    {
      "SourceHeader": "Unit Cost",
      "Target": {
        "Table": "stgMain",
        "Column": "unit_cost"
      },
      "Confidence": 0.95,
      "Transform": "to_float"
    },
    {
      "SourceHeader": "Ship Via (Delivery Method)",
      "Target": {
        "Table": "stgMain",
        "Column": "Delivery"
      },
      "Confidence": 0.9,
      "Transform": ""
    },
    {
      "SourceHeader": "QTY",
      "Target": {
        "Table": "stgMain",
        "Column": "bill_qty"
      },
      "Confidence": 0.95,
      "Transform": "to_int"
    },
    {
      "SourceHeader": "Product Group (Product Hierarchy 2)",
      "Target": {
        "Table": "stgMain",
        "Column": "product_grp_2"
      },
      "Confidence": 0.9,
      "Transform": ""
    },
    {
      "SourceHeader": "Product Description",
      "Target": {
        "Table": "stgMain",
        "Column": "product_nm"
      },
      "Confidence": 0.95,
      "Transform": ""
    },
    {
      "SourceHeader": "Pricing Method",
      "Target": {
        "Table": "stgMain",
        "Column": "Prc_Md"
      },
      "Confidence": 0.95,
      "Transform": ""
    },
    {
      "SourceHeader": "Manufacturer",
      "Target": null,
      "Confidence": 0.2,
      "Transform": ""
    },
    {
      "SourceHeader": "Invoice Number",
      "Target": {
        "Table": "stgMain",
        "Column": "invoice_nbr"
      },
      "Confidence": 0.95,
      "Transform": ""
    },
    {
      "SourceHeader": "Invoice Date",
      "Target": {
        "Table": "stgMain",
        "Column": "invoice_dt"
      },
      "Confidence": 0.95,
      "Transform": "parse_date"
    },
    {
      "SourceHeader": "Ext. Price",
      "Target": {
        "Table": "stgMain",
        "Column": "sales_amt"
      },
      "Confidence": 0.85,
      "Transform": "to_float"
    },
    {
      "SourceHeader": "Ext. Cost",
      "Target": {
        "Table": "stgMain",
        "Column": "cost_amt"
      },
      "Confidence": 0.85,
      "Transform": "to_float"
    },
    {
      "SourceHeader": "Eclipse PN (SKU)",
      "Target": {
        "Table": "stgMain",
        "Column": "entity_product_id"
      },
      "Confidence": 0.9,
      "Transform": "to_string"
    },
    {
      "SourceHeader": "Customer Name",
      "Target": {
        "Table": "stgMain",
        "Column": "cust_nm"
      },
      "Confidence": 0.95,
      "Transform": ""
    },
    {
      "SourceHeader": "Customer Code",
      "Target": {
        "Table": "stgMain",
        "Column": "entity_cust_id"
      },
      "Confidence": 0.95,
      "Transform": "to_string"
    },
    {
      "SourceHeader": "Cust Type (Cust Segmentation 1)",
      "Target": {
        "Table": "stgMain",
        "Column": "cust_grp_1"
      },
      "Confidence": 0.9,
      "Transform": ""
    },
    {
      "SourceHeader": "Cust Industry Type (Cust Segmentation 2)",
      "Target": {
        "Table": "stgMain",
        "Column": "cust_grp_2"
      },
      "Confidence": 0.9,
      "Transform": ""
    }
  ]
}